{
    "shape": {
        "magic3d": 0.5370860700602079,
        "dreamfusion": 0.5926313628899835,
        "mvdream": 0.6063799945265462,
        "prolific": 0.6812294745484402,
        "latentnerf": 0.6417282430213465,
        "gdream": 0.5640736179529283
    },
    "color": {
        "dreamfusion": 0.6518333333333334,
        "gdream": 0.6543333333333333,
        "mvdream": 0.5827433862433861,
        "prolific": 0.7828902116402117,
        "magic3d": 0.603015873015873,
        "latentnerf": 0.7411031746031747
    },
    "style": {
        "latentnerf": 0.700462962962963,
        "prolific": 0.8079530423280422,
        "mvdream": 0.5824404761904762,
        "gdream": 0.6604332010582011,
        "dreamfusion": 0.6431547619047618,
        "magic3d": 0.6004133597883597
    }
}